reporting_group,reporting_scope,component_id,stratum,attack_related,metric_role,median,q1,q3,iqr,mad,p95,n,artifact_count,not_an_overhead_estimate
H1_A22,PRIMARY_STRATUM,H1,H1_A22,ALL,raw_component_latency_ns,67400.0,56700.0,83100.0,26400.0,12100.0,173100.0,16000,160,False
H1_A22,PRIMARY_STRATUM,H1,H1_A22,ALL,paired_h0_latency_ns,171100.0,159200.0,185800.0,26600.0,12900.0,248404.99999999994,16000,160,False
H1_A22,PRIMARY_STRATUM,H1,H1_A22,ALL,composed_path_latency_ns,236700.0,219800.0,268800.0,49000.0,21300.0,407204.99999999994,16000,160,False
H1_A22,PRIMARY_STRATUM,H1,H1_A22,ALL,paired_component_minus_load_difference_ns,-99700.0,-112000.0,-87400.0,24600.0,12300.0,-45600.0,16000,160,True
H1_A26,PRIMARY_STRATUM,H1,H1_A26,ALL,raw_component_latency_ns,10747300.0,9549050.0,19997875.0,10448825.0,1814450.0,22304625.0,4200,42,False
H1_A26,PRIMARY_STRATUM,H1,H1_A26,ALL,paired_h0_latency_ns,5984950.0,5172300.0,9772650.0,4600350.0,1261600.0,11633724.999999993,4200,42,False
H1_A26,PRIMARY_STRATUM,H1,H1_A26,ALL,composed_path_latency_ns,16725100.0,14842450.0,29985275.0,15142825.0,2785550.0,33100689.999999996,4200,42,False
H1_A26,PRIMARY_STRATUM,H1,H1_A26,ALL,paired_component_minus_load_difference_ns,5391050.0,4307200.0,10014400.0,5707200.0,1912550.0,12159539.999999998,4200,42,True
H1_POOLED_202_SECONDARY,SECONDARY_POOLED,H1,H1_POOLED_202_SECONDARY,ALL,raw_component_latency_ns,72700.0,59300.0,171325.0,112025.0,19300.0,20071974.999999996,20200,202,False
H1_POOLED_202_SECONDARY,SECONDARY_POOLED,H1,H1_POOLED_202_SECONDARY,ALL,paired_h0_latency_ns,177100.0,162500.0,245100.0,82600.0,21000.0,9795125.0,20200,202,False
H1_POOLED_202_SECONDARY,SECONDARY_POOLED,H1,H1_POOLED_202_SECONDARY,ALL,composed_path_latency_ns,249100.0,224100.0,404500.0,180400.0,37300.0,30057010.0,20200,202,False
H1_POOLED_202_SECONDARY,SECONDARY_POOLED,H1,H1_POOLED_202_SECONDARY,ALL,paired_component_minus_load_difference_ns,-92900.0,-109000.0,-47000.0,62000.0,18900.0,10097529.999999998,20200,202,True
H2_expected_accept,PRIMARY_STRATUM,H2,expected_accept,ALL,raw_component_latency_ns,12000.0,7200.0,13600.0,6400.0,4000.0,19800.0,10000,100,False
H2_expected_accept,PRIMARY_STRATUM,H2,expected_accept,ALL,paired_h0_latency_ns,165000.0,153800.0,188900.0,35100.0,14100.0,277609.9999999999,10000,100,False
H2_expected_accept,PRIMARY_STRATUM,H2,expected_accept,ALL,composed_path_latency_ns,175600.0,164200.0,198800.0,34600.0,14400.0,295804.99999999994,10000,100,False
H2_expected_accept,PRIMARY_STRATUM,H2,expected_accept,ALL,paired_component_minus_load_difference_ns,-155000.0,-179025.0,-144000.0,35025.0,13600.0,-133300.0,10000,100,True
H2_expected_reject,PRIMARY_STRATUM,H2,expected_reject,ALL,raw_component_latency_ns,7300.0,5000.0,13300.0,8300.0,4100.0,18300.0,6000,60,False
H2_expected_reject,PRIMARY_STRATUM,H2,expected_reject,ALL,paired_h0_latency_ns,163400.0,145700.0,185300.0,39600.0,18600.0,272705.0,6000,60,False
H2_expected_reject,PRIMARY_STRATUM,H2,expected_reject,ALL,composed_path_latency_ns,173400.0,152400.0,194925.0,42525.0,21200.0,286300.0,6000,60,False
H2_expected_reject,PRIMARY_STRATUM,H2,expected_reject,ALL,paired_component_minus_load_difference_ns,-153400.0,-175825.0,-138900.0,36925.0,15900.0,-131100.0,6000,60,True
H3,PRIMARY_STRATUM,H3,H3,ALL,raw_component_latency_ns,551600.0,443775.0,708450.0,264675.0,125800.0,930889.9999999995,4200,42,False
H3,PRIMARY_STRATUM,H3,H3,ALL,paired_h0_latency_ns,5976300.0,5292750.0,9941175.0,4648425.0,985850.0,11729389.999999996,4200,42,False
H3,PRIMARY_STRATUM,H3,H3,ALL,composed_path_latency_ns,6511650.0,5769000.0,10714500.0,4945500.0,1100000.0,12581914.999999996,4200,42,False
H3,PRIMARY_STRATUM,H3,H3,ALL,paired_component_minus_load_difference_ns,-5501050.0,-9193750.0,-4822475.0,4371275.0,971250.0,-4544860.000000001,4200,42,True
H4,PRIMARY_STRATUM,H4,H4,ALL,raw_component_latency_ns,878200.0,731875.0,1149300.0,417425.0,208850.0,1384405.0,4200,42,False
H4,PRIMARY_STRATUM,H4,H4,ALL,paired_h0_latency_ns,6273050.0,5262725.0,10017475.0,4754750.0,1309100.0,12035645.0,4200,42,False
H4,PRIMARY_STRATUM,H4,H4,ALL,composed_path_latency_ns,7156200.0,6015675.0,11192450.0,5176775.0,1452200.0,13289534.999999998,4200,42,False
H4,PRIMARY_STRATUM,H4,H4,ALL,paired_component_minus_load_difference_ns,-5425850.0,-8827700.0,-4512975.0,4314725.0,1252550.0,-4178690.000000001,4200,42,True
H5,PRIMARY_STRATUM,H5,H5,ALL,raw_component_latency_ns,12350.0,4200.0,17100.0,12900.0,7650.0,21000.0,4200,42,False
H5,PRIMARY_STRATUM,H5,H5,ALL,paired_h0_latency_ns,6673600.0,5408000.0,9960300.0,4552300.0,1668650.0,12119044.999999996,4200,42,False
H5,PRIMARY_STRATUM,H5,H5,ALL,composed_path_latency_ns,6681050.0,5418450.0,9969550.0,4551100.0,1666850.0,12149325.0,4200,42,False
H5,PRIMARY_STRATUM,H5,H5,ALL,paired_component_minus_load_difference_ns,-6660000.0,-9945225.0,-5397775.0,4547450.0,1663250.0,-4992375.000000001,4200,42,True
H5_IO,PRIMARY_STRATUM,H5_IO,H5_IO,ALL,raw_component_latency_ns,21030500.0,15621600.0,27305175.0,11683575.0,5681200.0,53229684.999999985,4200,42,False
H5_IO,PRIMARY_STRATUM,H5_IO,H5_IO,ALL,paired_h0_latency_ns,18254900.0,12591900.0,27048675.0,14456775.0,6620950.0,46938519.999999985,4200,42,False
H5_IO,PRIMARY_STRATUM,H5_IO,H5_IO,ALL,composed_path_latency_ns,39895600.0,29486450.0,54510275.0,25023825.0,11717950.0,99046844.99999999,4200,42,False
H5_IO,PRIMARY_STRATUM,H5_IO,H5_IO,ALL,paired_component_minus_load_difference_ns,2808400.0,-2695000.0,6473775.0,9168775.0,4558650.0,19826019.999999996,4200,42,True
H6,PRIMARY_STRATUM,H6,H6,ALL,raw_component_latency_ns,17942500.0,9191725.0,23007025.0,13815300.0,8407800.0,58099899.99999995,4200,42,False
H6,PRIMARY_STRATUM,H6,H6,ALL,paired_h0_latency_ns,10228700.0,6000425.0,13076200.0,7075775.0,4022550.0,28441129.999999993,4200,42,False
H6,PRIMARY_STRATUM,H6,H6,ALL,composed_path_latency_ns,28475850.0,15148975.0,35965200.0,20816225.0,12760500.0,86737884.99999984,4200,42,False
H6,PRIMARY_STRATUM,H6,H6,ALL,paired_component_minus_load_difference_ns,7006950.0,3368625.0,10312525.0,6943900.0,3592150.0,31011404.999999985,4200,42,True
H7,PRIMARY_STRATUM,H7,H7,ALL,raw_component_latency_ns,14700.0,5700.0,19200.0,13500.0,7900.0,24800.0,4200,42,False
H7,PRIMARY_STRATUM,H7,H7,ALL,paired_h0_latency_ns,7057250.0,5598475.0,10298525.0,4700050.0,1902950.0,13350635.0,4200,42,False
H7,PRIMARY_STRATUM,H7,H7,ALL,composed_path_latency_ns,7063950.0,5611425.0,10312975.0,4701550.0,1898850.0,13361414.999999996,4200,42,False
H7,PRIMARY_STRATUM,H7,H7,ALL,paired_component_minus_load_difference_ns,-7039050.0,-10281675.0,-5583575.0,4698100.0,1895200.0,-5130095.0,4200,42,True
H8,PRIMARY_STRATUM,H8,H8,ALL,raw_component_latency_ns,1567450.0,1277550.0,2032200.0,754650.0,364950.0,2629704.9999999977,4200,42,False
H8,PRIMARY_STRATUM,H8,H8,ALL,paired_h0_latency_ns,6797650.0,5565425.0,10677200.0,5111775.0,1590700.0,13230409.999999994,4200,42,False
H8,PRIMARY_STRATUM,H8,H8,ALL,composed_path_latency_ns,8360200.0,6865050.0,12728375.0,5863325.0,1917900.0,15577784.999999996,4200,42,False
H8,PRIMARY_STRATUM,H8,H8,ALL,paired_component_minus_load_difference_ns,-5343650.0,-8632050.0,-4292850.0,4339200.0,1455500.0,-3904850.0000000005,4200,42,True
ORTHOGONAL_ATTACK_DESCRIPTOR,SECONDARY_DESCRIPTOR,H1,H1_A22,False,composed_path_latency_ns,240800.0,226100.0,272525.0,46425.0,18600.0,417300.0,12000,120,False
ORTHOGONAL_ATTACK_DESCRIPTOR,SECONDARY_DESCRIPTOR,H1,H1_A22,False,paired_component_minus_load_difference_ns,-100000.0,-113900.0,-87100.0,26800.0,13300.0,-40900.0,12000,120,True
ORTHOGONAL_ATTACK_DESCRIPTOR,SECONDARY_DESCRIPTOR,H1,H1_A22,False,paired_h0_latency_ns,173400.0,164000.0,187300.0,23300.0,10600.0,253200.0,12000,120,False
ORTHOGONAL_ATTACK_DESCRIPTOR,SECONDARY_DESCRIPTOR,H1,H1_A22,False,raw_component_latency_ns,69400.0,59200.0,85600.0,26400.0,11900.0,180700.0,12000,120,False
ORTHOGONAL_ATTACK_DESCRIPTOR,SECONDARY_DESCRIPTOR,H1,H1_A22,True,composed_path_latency_ns,213850.0,202500.0,253000.0,50500.0,15000.0,380404.99999999994,4000,40,False
ORTHOGONAL_ATTACK_DESCRIPTOR,SECONDARY_DESCRIPTOR,H1,H1_A22,True,paired_component_minus_load_difference_ns,-97400.0,-108700.0,-88100.0,20600.0,10500.0,-69600.0,4000,40,True
ORTHOGONAL_ATTACK_DESCRIPTOR,SECONDARY_DESCRIPTOR,H1,H1_A22,True,paired_h0_latency_ns,156500.0,150700.0,180325.0,29625.0,8200.0,236534.9999999998,4000,40,False
ORTHOGONAL_ATTACK_DESCRIPTOR,SECONDARY_DESCRIPTOR,H1,H1_A22,True,raw_component_latency_ns,59100.0,50575.0,73400.0,22825.0,10600.0,150509.99999999994,4000,40,False
ORTHOGONAL_ATTACK_DESCRIPTOR,SECONDARY_DESCRIPTOR,H1,H1_A26,False,composed_path_latency_ns,16725100.0,14842450.0,29985275.0,15142825.0,2785550.0,33100689.999999996,4200,42,False
ORTHOGONAL_ATTACK_DESCRIPTOR,SECONDARY_DESCRIPTOR,H1,H1_A26,False,paired_component_minus_load_difference_ns,5391050.0,4307200.0,10014400.0,5707200.0,1912550.0,12159539.999999998,4200,42,True
ORTHOGONAL_ATTACK_DESCRIPTOR,SECONDARY_DESCRIPTOR,H1,H1_A26,False,paired_h0_latency_ns,5984950.0,5172300.0,9772650.0,4600350.0,1261600.0,11633724.999999993,4200,42,False
ORTHOGONAL_ATTACK_DESCRIPTOR,SECONDARY_DESCRIPTOR,H1,H1_A26,False,raw_component_latency_ns,10747300.0,9549050.0,19997875.0,10448825.0,1814450.0,22304625.0,4200,42,False
ORTHOGONAL_ATTACK_DESCRIPTOR,SECONDARY_DESCRIPTOR,H2,expected_accept,False,composed_path_latency_ns,174800.0,165000.0,195025.0,30025.0,12400.0,291409.9999999998,8000,80,False
ORTHOGONAL_ATTACK_DESCRIPTOR,SECONDARY_DESCRIPTOR,H2,expected_accept,False,paired_component_minus_load_difference_ns,-154300.0,-173700.0,-144600.0,29100.0,12000.0,-133500.0,8000,80,True
ORTHOGONAL_ATTACK_DESCRIPTOR,SECONDARY_DESCRIPTOR,H2,expected_accept,False,paired_h0_latency_ns,164200.0,155100.0,185200.0,30100.0,12400.0,274600.0,8000,80,False
ORTHOGONAL_ATTACK_DESCRIPTOR,SECONDARY_DESCRIPTOR,H2,expected_accept,False,raw_component_latency_ns,11900.0,7300.0,13600.0,6300.0,3900.0,19800.0,8000,80,False
ORTHOGONAL_ATTACK_DESCRIPTOR,SECONDARY_DESCRIPTOR,H2,expected_accept,True,composed_path_latency_ns,181050.0,160200.0,211900.0,51700.0,23200.0,316410.0,2000,20,False
ORTHOGONAL_ATTACK_DESCRIPTOR,SECONDARY_DESCRIPTOR,H2,expected_accept,True,paired_component_minus_load_difference_ns,-161100.0,-191525.0,-141600.0,49925.0,22200.0,-132400.0,2000,20,True
ORTHOGONAL_ATTACK_DESCRIPTOR,SECONDARY_DESCRIPTOR,H2,expected_accept,True,paired_h0_latency_ns,170600.0,150400.0,200625.0,50225.0,22650.0,290699.9999999998,2000,20,False
ORTHOGONAL_ATTACK_DESCRIPTOR,SECONDARY_DESCRIPTOR,H2,expected_accept,True,raw_component_latency_ns,12100.0,7100.0,13300.0,6200.0,4300.0,19904.999999999996,2000,20,False
ORTHOGONAL_ATTACK_DESCRIPTOR,SECONDARY_DESCRIPTOR,H2,expected_reject,False,composed_path_latency_ns,179900.0,166600.0,206200.0,39600.0,16300.0,300414.9999999999,4000,40,False
ORTHOGONAL_ATTACK_DESCRIPTOR,SECONDARY_DESCRIPTOR,H2,expected_reject,False,paired_component_minus_load_difference_ns,-159200.0,-186225.0,-150200.0,36025.0,12100.0,-135400.0,4000,40,True
ORTHOGONAL_ATTACK_DESCRIPTOR,SECONDARY_DESCRIPTOR,H2,expected_reject,False,paired_h0_latency_ns,168900.0,158700.0,198325.0,39625.0,13200.0,281105.0,4000,40,False
ORTHOGONAL_ATTACK_DESCRIPTOR,SECONDARY_DESCRIPTOR,H2,expected_reject,False,raw_component_latency_ns,8600.0,6500.0,15300.0,8800.0,4800.0,20500.0,4000,40,False
ORTHOGONAL_ATTACK_DESCRIPTOR,SECONDARY_DESCRIPTOR,H2,expected_reject,True,composed_path_latency_ns,145300.0,142000.0,152700.0,10700.0,4000.0,264039.99999999994,2000,20,False
ORTHOGONAL_ATTACK_DESCRIPTOR,SECONDARY_DESCRIPTOR,H2,expected_reject,True,paired_component_minus_load_difference_ns,-136800.0,-143700.0,-133500.0,10200.0,4100.0,-129800.0,2000,20,True
ORTHOGONAL_ATTACK_DESCRIPTOR,SECONDARY_DESCRIPTOR,H2,expected_reject,True,paired_h0_latency_ns,140700.0,137900.0,147500.0,9600.0,3700.0,254600.0,2000,20,False
ORTHOGONAL_ATTACK_DESCRIPTOR,SECONDARY_DESCRIPTOR,H2,expected_reject,True,raw_component_latency_ns,5500.0,2600.0,6000.0,3400.0,2400.0,10600.0,2000,20,False
ORTHOGONAL_ATTACK_DESCRIPTOR,SECONDARY_DESCRIPTOR,H3,accepted,False,composed_path_latency_ns,6511650.0,5769000.0,10714500.0,4945500.0,1100000.0,12581914.999999996,4200,42,False
ORTHOGONAL_ATTACK_DESCRIPTOR,SECONDARY_DESCRIPTOR,H3,accepted,False,paired_component_minus_load_difference_ns,-5501050.0,-9193750.0,-4822475.0,4371275.0,971250.0,-4544860.000000001,4200,42,True
ORTHOGONAL_ATTACK_DESCRIPTOR,SECONDARY_DESCRIPTOR,H3,accepted,False,paired_h0_latency_ns,5976300.0,5292750.0,9941175.0,4648425.0,985850.0,11729389.999999996,4200,42,False
ORTHOGONAL_ATTACK_DESCRIPTOR,SECONDARY_DESCRIPTOR,H3,accepted,False,raw_component_latency_ns,551600.0,443775.0,708450.0,264675.0,125800.0,930889.9999999995,4200,42,False
ORTHOGONAL_ATTACK_DESCRIPTOR,SECONDARY_DESCRIPTOR,H4,accepted,False,composed_path_latency_ns,7156200.0,6015675.0,11192450.0,5176775.0,1452200.0,13289534.999999998,4200,42,False
ORTHOGONAL_ATTACK_DESCRIPTOR,SECONDARY_DESCRIPTOR,H4,accepted,False,paired_component_minus_load_difference_ns,-5425850.0,-8827700.0,-4512975.0,4314725.0,1252550.0,-4178690.000000001,4200,42,True
ORTHOGONAL_ATTACK_DESCRIPTOR,SECONDARY_DESCRIPTOR,H4,accepted,False,paired_h0_latency_ns,6273050.0,5262725.0,10017475.0,4754750.0,1309100.0,12035645.0,4200,42,False
ORTHOGONAL_ATTACK_DESCRIPTOR,SECONDARY_DESCRIPTOR,H4,accepted,False,raw_component_latency_ns,878200.0,731875.0,1149300.0,417425.0,208850.0,1384405.0,4200,42,False
ORTHOGONAL_ATTACK_DESCRIPTOR,SECONDARY_DESCRIPTOR,H5,accepted,False,composed_path_latency_ns,6681050.0,5418450.0,9969550.0,4551100.0,1666850.0,12149325.0,4200,42,False
ORTHOGONAL_ATTACK_DESCRIPTOR,SECONDARY_DESCRIPTOR,H5,accepted,False,paired_component_minus_load_difference_ns,-6660000.0,-9945225.0,-5397775.0,4547450.0,1663250.0,-4992375.000000001,4200,42,True
ORTHOGONAL_ATTACK_DESCRIPTOR,SECONDARY_DESCRIPTOR,H5,accepted,False,paired_h0_latency_ns,6673600.0,5408000.0,9960300.0,4552300.0,1668650.0,12119044.999999996,4200,42,False
ORTHOGONAL_ATTACK_DESCRIPTOR,SECONDARY_DESCRIPTOR,H5,accepted,False,raw_component_latency_ns,12350.0,4200.0,17100.0,12900.0,7650.0,21000.0,4200,42,False
ORTHOGONAL_ATTACK_DESCRIPTOR,SECONDARY_DESCRIPTOR,H5_IO,accepted,False,composed_path_latency_ns,39895600.0,29486450.0,54510275.0,25023825.0,11717950.0,99046844.99999999,4200,42,False
ORTHOGONAL_ATTACK_DESCRIPTOR,SECONDARY_DESCRIPTOR,H5_IO,accepted,False,paired_component_minus_load_difference_ns,2808400.0,-2695000.0,6473775.0,9168775.0,4558650.0,19826019.999999996,4200,42,True
ORTHOGONAL_ATTACK_DESCRIPTOR,SECONDARY_DESCRIPTOR,H5_IO,accepted,False,paired_h0_latency_ns,18254900.0,12591900.0,27048675.0,14456775.0,6620950.0,46938519.999999985,4200,42,False
ORTHOGONAL_ATTACK_DESCRIPTOR,SECONDARY_DESCRIPTOR,H5_IO,accepted,False,raw_component_latency_ns,21030500.0,15621600.0,27305175.0,11683575.0,5681200.0,53229684.999999985,4200,42,False
ORTHOGONAL_ATTACK_DESCRIPTOR,SECONDARY_DESCRIPTOR,H6,accepted,False,composed_path_latency_ns,28475850.0,15148975.0,35965200.0,20816225.0,12760500.0,86737884.99999984,4200,42,False
ORTHOGONAL_ATTACK_DESCRIPTOR,SECONDARY_DESCRIPTOR,H6,accepted,False,paired_component_minus_load_difference_ns,7006950.0,3368625.0,10312525.0,6943900.0,3592150.0,31011404.999999985,4200,42,True
ORTHOGONAL_ATTACK_DESCRIPTOR,SECONDARY_DESCRIPTOR,H6,accepted,False,paired_h0_latency_ns,10228700.0,6000425.0,13076200.0,7075775.0,4022550.0,28441129.999999993,4200,42,False
ORTHOGONAL_ATTACK_DESCRIPTOR,SECONDARY_DESCRIPTOR,H6,accepted,False,raw_component_latency_ns,17942500.0,9191725.0,23007025.0,13815300.0,8407800.0,58099899.99999995,4200,42,False
ORTHOGONAL_ATTACK_DESCRIPTOR,SECONDARY_DESCRIPTOR,H7,accepted,False,composed_path_latency_ns,7063950.0,5611425.0,10312975.0,4701550.0,1898850.0,13361414.999999996,4200,42,False
ORTHOGONAL_ATTACK_DESCRIPTOR,SECONDARY_DESCRIPTOR,H7,accepted,False,paired_component_minus_load_difference_ns,-7039050.0,-10281675.0,-5583575.0,4698100.0,1895200.0,-5130095.0,4200,42,True
ORTHOGONAL_ATTACK_DESCRIPTOR,SECONDARY_DESCRIPTOR,H7,accepted,False,paired_h0_latency_ns,7057250.0,5598475.0,10298525.0,4700050.0,1902950.0,13350635.0,4200,42,False
ORTHOGONAL_ATTACK_DESCRIPTOR,SECONDARY_DESCRIPTOR,H7,accepted,False,raw_component_latency_ns,14700.0,5700.0,19200.0,13500.0,7900.0,24800.0,4200,42,False
ORTHOGONAL_ATTACK_DESCRIPTOR,SECONDARY_DESCRIPTOR,H8,accepted,False,composed_path_latency_ns,8360200.0,6865050.0,12728375.0,5863325.0,1917900.0,15577784.999999996,4200,42,False
ORTHOGONAL_ATTACK_DESCRIPTOR,SECONDARY_DESCRIPTOR,H8,accepted,False,paired_component_minus_load_difference_ns,-5343650.0,-8632050.0,-4292850.0,4339200.0,1455500.0,-3904850.0000000005,4200,42,True
ORTHOGONAL_ATTACK_DESCRIPTOR,SECONDARY_DESCRIPTOR,H8,accepted,False,paired_h0_latency_ns,6797650.0,5565425.0,10677200.0,5111775.0,1590700.0,13230409.999999994,4200,42,False
ORTHOGONAL_ATTACK_DESCRIPTOR,SECONDARY_DESCRIPTOR,H8,accepted,False,raw_component_latency_ns,1567450.0,1277550.0,2032200.0,754650.0,364950.0,2629704.9999999977,4200,42,False
